"alternation","TO","alternation_freq1","alternation_freq2","bg_color","triangle_color","pval","TO_color","alt_TO"
"TP53_mut","Intra-Abdominal",0.497405966,0.588679245,"#b368d9","green",0.004789132,"#8067D6","TP53_mut       Intra-Abdominal"
"TP53_mut","Distant_LN",0.49195058,0.554572271,"#b368d9","green",0.003940834,"#D480CE","TP53_mut       Distant_LN"
"TP53_mut","Liver",0.483089931,0.579651941,"#b368d9","green",3.28e-06,"#87DFB3","TP53_mut       Liver"
"TP53_mut","Bone",0.463026166,0.550597109,"#b368d9","green",4.33e-07,"#7E90CF","TP53_mut       Bone"
"TP53_mut","Adrenal_Gland",0.485714286,0.608949416,"#b368d9","green",2.71e-07,"#E093AC","TP53_mut       Adrenal_Gland"
"TP53_mut","CNS.Brain",0.465790666,0.579684764,"#b368d9","green",4.35e-10,"#EEDD57","TP53_mut       CNS.Brain"
"TERT_Amplification","CNS.Brain",0.05301314,0.083187391,"#b368d9","red",0.000948002,"#EEDD57","TERT_Amplification       CNS.Brain"
"STK11_mut","Adrenal_Gland",0.125573192,0.208171206,"#b368d9","green",2e-06,"#E093AC","STK11_mut       Adrenal_Gland"
"STK11_mut","Pleura",0.166666667,0.100624566,"#b368d9","green",3.19e-08,"#7AC0DD","STK11_mut       Pleura"
"SMARCA4_mut","Adrenal_Gland",0.038095238,0.075875486,"#b368d9","green",0.000375038,"#E093AC","SMARCA4_mut       Adrenal_Gland"
"RBM10_mut","CNS.Brain",0.094245582,0.058669002,"#b368d9","green",0.000324247,"#EEDD57","RBM10_mut       CNS.Brain"
"NKX2_1_Amplification","Bone",0.068828214,0.09805154,"#b368d9","red",0.002520803,"#7E90CF","NKX2_1_Amplification       Bone"
"NKX2_1_Amplification","Liver",0.072636434,0.117804552,"#b368d9","red",0.000152607,"#87DFB3","NKX2_1_Amplification       Liver"
"NKX2_1_Amplification","CNS.Brain",0.06751246,0.112084063,"#b368d9","red",1.54e-05,"#EEDD57","NKX2_1_Amplification       CNS.Brain"
"MYC_Amplification","Adrenal_Gland",0.04973545,0.095330739,"#b368d9","red",0.000110891,"#E093AC","MYC_Amplification       Adrenal_Gland"
"MYC_Amplification","Bone",0.040955631,0.07416719,"#b368d9","red",3.57e-05,"#7E90CF","MYC_Amplification       Bone"
"MDM2_Amplification","PNS",0.061210213,0.097959184,"#b368d9","red",0.004242534,"#DFB79C","MDM2_Amplification       PNS"
"KRAS_mut","PNS",0.327387198,0.265306122,"#b368d9","green",0.006330749,"#DFB79C","KRAS_mut       PNS"
"KRAS_mut","Liver",0.331667948,0.271753681,"#b368d9","green",0.002093003,"#87DFB3","KRAS_mut       Liver"
"KRAS_mut","Bone",0.343572241,0.290383407,"#b368d9","green",0.001076397,"#7E90CF","KRAS_mut       Bone"
"KRAS_mut","CNS.Brain",0.339827821,0.276707531,"#b368d9","green",0.000200284,"#EEDD57","KRAS_mut       CNS.Brain"
"KRAS_mut","Pleura",0.352201258,0.273421235,"#b368d9","green",1.32e-06,"#7AC0DD","KRAS_mut       Pleura"
"KEAP1_mut","Pleura",0.087002096,0.061068702,"#b368d9","green",0.005546942,"#7AC0DD","KEAP1_mut       Pleura"
"KEAP1_mut","Adrenal_Gland",0.069488536,0.110894942,"#b368d9","green",0.001966317,"#E093AC","KEAP1_mut       Adrenal_Gland"
"FOXA1_Amplification","Bone",0.043230944,0.071024513,"#b368d9","red",0.000542085,"#7E90CF","FOXA1_Amplification       Bone"
"FOXA1_Amplification","Liver",0.04765565,0.087014726,"#b368d9","red",9.64e-05,"#87DFB3","FOXA1_Amplification       Liver"
"FOXA1_Amplification","CNS.Brain",0.043951065,0.08056042,"#b368d9","red",2.48e-05,"#EEDD57","FOXA1_Amplification       CNS.Brain"
"EGFR_mut","Adrenal_Gland",0.281834215,0.221789883,"#b368d9","green",0.005075249,"#E093AC","EGFR_mut       Adrenal_Gland"
"EGFR_mut","Pleura",0.25,0.302567661,"#b368d9","green",0.000751521,"#7AC0DD","EGFR_mut       Pleura"
"EGFR_mut","PNS",0.258481987,0.355102041,"#b368d9","green",1.39e-05,"#DFB79C","EGFR_mut       PNS"
"EGFR_mut","Bone",0.237201365,0.311753614,"#b368d9","green",1.42e-06,"#7E90CF","EGFR_mut       Bone"
"EGFR_mut","CNS.Brain",0.244676031,0.326619965,"#b368d9","green",5.76e-07,"#EEDD57","EGFR_mut       CNS.Brain"
"EGFR_Amplification","PNS",0.066456803,0.108163265,"#b368d9","red",0.001767525,"#DFB79C","EGFR_Amplification       PNS"
"EGFR_Amplification","Liver",0.061106841,0.112449799,"#b368d9","red",6.18e-06,"#87DFB3","EGFR_Amplification       Liver"
"EGFR_Amplification","Lung",0.052225519,0.093149038,"#b368d9","red",5.27e-06,"#D9C3DE","EGFR_Amplification       Lung"
"EGFR_Amplification","CNS.Brain",0.051653829,0.11295972,"#b368d9","red",3.75e-10,"#EEDD57","EGFR_Amplification       CNS.Brain"
"EGFR_Amplification","Bone",0.045506257,0.102451288,"#b368d9","red",2.27e-10,"#7E90CF","EGFR_Amplification       Bone"
"CDKN2A_Deletion","Biliary_tract",0.118450302,0.19,"#b368d9","blue",0.005118505,"#72DD83","CDKN2A_Deletion       Biliary_tract"
"CDKN2A_Deletion","CNS.Brain",0.108291799,0.15061296,"#b368d9","blue",0.000558762,"#EEDD57","CDKN2A_Deletion       CNS.Brain"
"CDKN2A_Deletion","Liver",0.111837048,0.16064257,"#b368d9","blue",0.000489442,"#87DFB3","CDKN2A_Deletion       Liver"
"CDKN2A_Deletion","Bone",0.094994312,0.153362665,"#b368d9","blue",2.89e-07,"#7E90CF","CDKN2A_Deletion       Bone"
"CDKN2A_Deletion","PNS",0.109129066,0.202040816,"#b368d9","blue",5.87e-08,"#DFB79C","CDKN2A_Deletion       PNS"
"ALK_fusion","Lung",0.051038576,0.032451923,"#b368d9","purple",0.00740442,"#D9C3DE","ALK_fusion       Lung"
"ALK_fusion","Liver",0.036510377,0.060240964,"#b368d9","purple",0.00669404,"#87DFB3","ALK_fusion       Liver"
"PI3K","CNS.Brain",0.252831899,0.312609457,"#b368d9","navy",0.000270212,"#EEDD57","PI3K       CNS.Brain"
"PI3K","Adrenal_Gland",0.257848325,0.357976654,"#b368d9","navy",4.57e-06,"#E093AC","PI3K       Adrenal_Gland"
"PI3K","Pleura",0.309748428,0.224843858,"#b368d9","navy",4.99e-08,"#7AC0DD","PI3K       Pleura"
"p53","Intra-Abdominal",0.598897536,0.683018868,"#b368d9","navy",0.007206316,"#8067D6","p53       Intra-Abdominal"
"p53","Distant_LN",0.593410708,0.65339233,"#b368d9","navy",0.004247422,"#D480CE","p53       Distant_LN"
"p53","PNS",0.59181532,0.685714286,"#b368d9","navy",7.62e-05,"#DFB79C","p53       PNS"
"p53","Liver",0.587240584,0.669344043,"#b368d9","navy",5.37e-05,"#87DFB3","p53       Liver"
"p53","Adrenal_Gland",0.589065256,0.696498054,"#b368d9","navy",3.84e-06,"#E093AC","p53       Adrenal_Gland"
"p53","Bone",0.555745165,0.660590823,"#b368d9","navy",5.65e-10,"#7E90CF","p53       Bone"
"p53","CNS.Brain",0.564567286,0.684763573,"#b368d9","navy",1.36e-11,"#EEDD57","p53       CNS.Brain"
"NRF2","Adrenal_Gland",0.085361552,0.13229572,"#b368d9","navy",0.001202962,"#E093AC","NRF2       Adrenal_Gland"
"NRF2","Pleura",0.109014675,0.070784178,"#b368d9","navy",0.000144311,"#7AC0DD","NRF2       Pleura"
"NOTCH","CNS.Brain",0.05301314,0.07793345,"#b368d9","navy",0.004991237,"#EEDD57","NOTCH       CNS.Brain"
"NOTCH","Intra-Abdominal",0.057392996,0.109433962,"#b368d9","navy",0.001891451,"#8067D6","NOTCH       Intra-Abdominal"
"MYC","Adrenal_Gland",0.093474427,0.147859922,"#b368d9","navy",0.000338644,"#E093AC","MYC       Adrenal_Gland"
"Epigenetic","Biliary_tract",0.271514767,0.365,"#b368d9","navy",0.005479026,"#72DD83","Epigenetic       Biliary_tract"
"Epigenetic","CNS.Brain",0.260534662,0.30910683,"#b368d9","navy",0.003352546,"#EEDD57","Epigenetic       CNS.Brain"
"Epigenetic","Distant_LN",0.265069262,0.324483776,"#b368d9","navy",0.002450878,"#D480CE","Epigenetic       Distant_LN"
"Epigenetic","Intra-Abdominal",0.269779507,0.362264151,"#b368d9","navy",0.001618541,"#8067D6","Epigenetic       Intra-Abdominal"
"Epigenetic","Adrenal_Gland",0.263844797,0.350194553,"#b368d9","navy",8.9e-05,"#E093AC","Epigenetic       Adrenal_Gland"
"Cell_Cycle","Mediastinum",0.28206828,0.34939759,"#b368d9","navy",0.012710213,"#C3EC5B","Cell_Cycle       Mediastinum"
"Cell_Cycle","Adrenal_Gland",0.279012346,0.342412451,"#b368d9","navy",0.004247329,"#E093AC","Cell_Cycle       Adrenal_Gland"
"Cell_Cycle","Biliary_tract",0.281994284,0.395,"#b368d9","navy",0.000926585,"#72DD83","Cell_Cycle       Biliary_tract"
"Cell_Cycle","Liver",0.273251345,0.34270415,"#b368d9","navy",0.000291943,"#87DFB3","Cell_Cycle       Liver"
"Cell_Cycle","PNS",0.27212312,0.385714286,"#b368d9","navy",6.27e-07,"#DFB79C","Cell_Cycle       PNS"
"Cell_Cycle","Bone",0.249146758,0.332495286,"#b368d9","navy",1.1e-07,"#7E90CF","Cell_Cycle       Bone"
"Cell_Cycle","CNS.Brain",0.256456729,0.351138354,"#b368d9","navy",1.36e-08,"#EEDD57","Cell_Cycle       CNS.Brain"
"WNT","Intra-Abdominal",0.828358209,0.785953177,"#007eb5","navy",0.00462244,"#8067D6","WNT       Intra-Abdominal"
"WNT","Liver",0.771369722,0.83070666,"#007eb5","navy",0.000137951,"#87DFB3","WNT       Liver"
"TP53_mut","CNS.Brain",0.284582572,0.396694215,"#be1e2d","green",0.012558506,"#EEDD57","TP53_mut       CNS.Brain"
"TP53_mut","Bowel",0.799408784,0.743859649,"#007eb5","green",0.004245057,"#E29B50","TP53_mut       Bowel"
"TP53_mut","Bowel",0.283383686,0.429906542,"#be1e2d","green",0.001987407,"#E29B50","TP53_mut       Bowel"
"TP53_mut","PNS",0.277059224,0.368600683,"#be1e2d","green",0.001959783,"#DFB79C","TP53_mut       PNS"
"TP53_mut","Intra-Abdominal",0.280745342,0.414473684,"#be1e2d","green",0.000753846,"#8067D6","TP53_mut       Intra-Abdominal"
"TP53_mut","Bladder.UT",0.27348643,0.375384615,"#be1e2d","green",0.00033939,"#D1E3D5","TP53_mut       Bladder.UT"
"TP53_mut","Distant_LN",0.252475248,0.345744681,"#be1e2d","green",2.26e-05,"#D480CE","TP53_mut       Distant_LN"
"TP53_mut","Liver",0.267785235,0.426470588,"#be1e2d","green",3.2e-07,"#87DFB3","TP53_mut       Liver"
"TP53_mut","Bone",0.216693419,0.333625988,"#be1e2d","green",1.85e-07,"#7E90CF","TP53_mut       Bone"
"TGF_Beta","Bone",0.218189233,0.279835391,"#007eb5","navy",0.003726598,"#7E90CF","TGF_Beta       Bone"
"TGF_Beta","Ovary",0.221441774,0.309012876,"#007eb5","navy",0.003303306,"#8738E1","TGF_Beta       Ovary"
"TGF_Beta","Pleura",0.22181552,0.315533981,"#007eb5","navy",0.003293765,"#7AC0DD","TGF_Beta       Pleura"
"TGF_Beta","Bowel",0.21410473,0.287719298,"#007eb5","navy",0.000238816,"#E29B50","TGF_Beta       Bowel"
"TGF_Beta","Liver",0.174047374,0.255210981,"#007eb5","navy",6.94e-07,"#87DFB3","TGF_Beta       Liver"
"TGF_Beta","Intra-Abdominal",0.192881745,0.280100334,"#007eb5","navy",4.52e-08,"#8067D6","TGF_Beta       Intra-Abdominal"
"SRC_Amplification","Intra-Abdominal",0.062571757,0.034280936,"#007eb5","red",0.000604048,"#8067D6","SRC_Amplification       Intra-Abdominal"
"SRC_Amplification","Lung",0.068123393,0.031837916,"#007eb5","red",7.17e-06,"#D9C3DE","SRC_Amplification       Lung"
"SPOP_mut","Bladder.UT",0.124565066,0.073846154,"#be1e2d","green",0.009184349,"#D1E3D5","SPOP_mut       Bladder.UT"
"SPOP_mut","Intra-Abdominal",0.12173913,0.046052632,"#be1e2d","green",0.003243843,"#8067D6","SPOP_mut       Intra-Abdominal"
"SMAD4_mut","Liver",0.094747683,0.142348754,"#007eb5","green",0.000247062,"#87DFB3","SMAD4_mut       Liver"
"SMAD4_Deletion","Intra-Abdominal",0.027554535,0.057692308,"#007eb5","blue",6.95e-05,"#8067D6","SMAD4_Deletion       Intra-Abdominal"
"RTK_RAS","Intra-Abdominal",0.655568312,0.737458194,"#007eb5","navy",2.49e-06,"#8067D6","RTK_RAS       Intra-Abdominal"
"RTK_RAS","Bone",0.670473083,0.781893004,"#007eb5","navy",7.53e-07,"#7E90CF","RTK_RAS       Bone"
"RTK_RAS","CNS.Brain",0.679021231,0.86163522,"#007eb5","navy",3.62e-07,"#EEDD57","RTK_RAS       CNS.Brain"
"RTK_RAS","Lung",0.633033419,0.751808973,"#007eb5","navy",3.43e-12,"#D9C3DE","RTK_RAS       Lung"
"RB1_Deletion","Lung",0.03630363,0.072874494,"#be1e2d","blue",0.014350494,"#D9C3DE","RB1_Deletion       Lung"
"RB1_Deletion","Distant_LN",0.02970297,0.057180851,"#be1e2d","blue",0.005197008,"#D480CE","RB1_Deletion       Distant_LN"
"RB1_Deletion","Bone",0.020866774,0.052677788,"#be1e2d","blue",0.001047928,"#7E90CF","RB1_Deletion       Bone"
"RB1_Deletion","Liver",0.030201342,0.102941176,"#be1e2d","blue",9.13e-07,"#87DFB3","RB1_Deletion       Liver"
"PTEN_mut","Male_Genital",0.071372549,0.108829569,"#be1e2d","green",0.014712505,"#D4DB92","PTEN_mut       Male_Genital"
"PTEN_Deletion","Intra-Abdominal",0.144099379,0.230263158,"#be1e2d","blue",0.006415987,"#8067D6","PTEN_Deletion       Intra-Abdominal"
"PTEN_Deletion","PNS",0.13886998,0.215017065,"#be1e2d","blue",0.001295992,"#DFB79C","PTEN_Deletion       PNS"
"PTEN_Deletion","Bladder.UT",0.137091162,0.215384615,"#be1e2d","blue",0.000590364,"#D1E3D5","PTEN_Deletion       Bladder.UT"
"PTEN_Deletion","Distant_LN",0.11980198,0.194148936,"#be1e2d","blue",2.17e-05,"#D480CE","PTEN_Deletion       Distant_LN"
"PTEN_Deletion","Lung",0.135313531,0.251012146,"#be1e2d","blue",8.87e-06,"#D9C3DE","PTEN_Deletion       Lung"
"PTEN_Deletion","Bone",0.085072231,0.187884109,"#be1e2d","blue",2.72e-09,"#7E90CF","PTEN_Deletion       Bone"
"PTEN_Deletion","Liver",0.124832215,0.297794118,"#be1e2d","blue",1.22e-11,"#87DFB3","PTEN_Deletion       Liver"
"p53","Bowel",0.829391892,0.764912281,"#007eb5","navy",0.0004632,"#E29B50","p53       Bowel"
"NKX3_1_Deletion","Male_Genital",0.035294118,0.014373717,"#be1e2d","blue",0.018196246,"#D4DB92","NKX3_1_Deletion       Male_Genital"
"NKX3_1_Deletion","PNS",0.024506467,0.054607509,"#be1e2d","blue",0.012172736,"#DFB79C","NKX3_1_Deletion       PNS"
"NKX3_1_Deletion","Distant_LN",0.01980198,0.042553191,"#be1e2d","blue",0.006497223,"#D480CE","NKX3_1_Deletion       Distant_LN"
"NKX3_1_Deletion","Bone",0.014446228,0.037752414,"#be1e2d","blue",0.004906332,"#7E90CF","NKX3_1_Deletion       Bone"
"NKX3_1_Deletion","Liver",0.025746653,0.048296899,"#007eb5","blue",0.003860782,"#87DFB3","NKX3_1_Deletion       Liver"
"MYC_Amplification","Intra-Abdominal",0.068322981,0.131578947,"#be1e2d","red",0.008431312,"#8067D6","MYC_Amplification       Intra-Abdominal"
"MYC_Amplification","Bone",0.04975923,0.086918349,"#be1e2d","red",0.004140471,"#7E90CF","MYC_Amplification       Bone"
"MYC_Amplification","PNS",0.063989108,0.122866894,"#be1e2d","red",0.000874381,"#DFB79C","MYC_Amplification       PNS"
"MYC_Amplification","Intra-Abdominal",0.042479908,0.072742475,"#007eb5","red",0.000501814,"#8067D6","MYC_Amplification       Intra-Abdominal"
"MYC_Amplification","Distant_LN",0.053465347,0.10106383,"#be1e2d","red",0.000207785,"#D480CE","MYC_Amplification       Distant_LN"
"MYC_Amplification","Liver",0.061073826,0.143382353,"#be1e2d","red",1.19e-05,"#87DFB3","MYC_Amplification       Liver"
"MYC","Intra-Abdominal",0.054535017,0.086120401,"#007eb5","navy",0.000952054,"#8067D6","MYC       Intra-Abdominal"
"KRAS_mut","Bone",0.435562806,0.534979424,"#007eb5","green",6.44e-05,"#7E90CF","KRAS_mut       Bone"
"KRAS_mut","CNS.Brain",0.442965095,0.610062893,"#007eb5","green",5.26e-05,"#EEDD57","KRAS_mut       CNS.Brain"
"KRAS_mut","Intra-Abdominal",0.418484501,0.50083612,"#007eb5","green",1.19e-05,"#8067D6","KRAS_mut       Intra-Abdominal"
"KRAS_mut","Lung",0.390102828,0.52170767,"#007eb5","green",9.37e-13,"#D9C3DE","KRAS_mut       Lung"
"FOXA1_mut","Distant_LN",0.131683168,0.079787234,"#be1e2d","green",0.000510484,"#D480CE","FOXA1_mut       Distant_LN"
"ERG_fusion","Bone",0.293739968,0.239683933,"#be1e2d","purple",0.014431443,"#7E90CF","ERG_fusion       Bone"
"DNMT3B_Amplification","Intra-Abdominal",0.063145809,0.032608696,"#007eb5","red",0.00021166,"#8067D6","DNMT3B_Amplification       Intra-Abdominal"
"DNMT3B_Amplification","Lung",0.064910026,0.034732272,"#007eb5","red",0.000194974,"#D9C3DE","DNMT3B_Amplification       Lung"
"CTNNB1_mut","Lung",0.0330033,0.076923077,"#be1e2d","green",0.002291784,"#D9C3DE","CTNNB1_mut       Lung"
"CDKN1B_Deletion","Intra-Abdominal",0.033540373,0.078947368,"#be1e2d","blue",0.01120135,"#8067D6","CDKN1B_Deletion       Intra-Abdominal"
"BRAF_mut","Intra-Abdominal",0.053386912,0.089464883,"#007eb5","green",0.000181098,"#8067D6","BRAF_mut       Intra-Abdominal"
"BCL2L1_Amplification","Lung",0.082904884,0.048480463,"#007eb5","red",0.000199644,"#D9C3DE","BCL2L1_Amplification       Lung"
"BCL2L1_Amplification","Intra-Abdominal",0.083237658,0.04264214,"#007eb5","red",1.12e-05,"#8067D6","BCL2L1_Amplification       Intra-Abdominal"
"AR_mut","PNS",0.032675289,0.068259386,"#be1e2d","green",0.007096375,"#DFB79C","AR_mut       PNS"
"AR_mut","Distant_LN",0.023762376,0.058510638,"#be1e2d","green",0.00024047,"#D480CE","AR_mut       Distant_LN"
"AR_mut","Bone",0.016051364,0.050921861,"#be1e2d","green",0.000148564,"#7E90CF","AR_mut       Bone"
"AR_Amplification","Male_Genital",0.167058824,0.106776181,"#be1e2d","red",0.001332369,"#D4DB92","AR_Amplification       Male_Genital"
"AR_Amplification","Lung",0.138613861,0.222672065,"#be1e2d","red",0.001041717,"#D9C3DE","AR_Amplification       Lung"
"AR_Amplification","CNS.Brain",0.136502133,0.338842975,"#be1e2d","red",8.9e-08,"#EEDD57","AR_Amplification       CNS.Brain"
"AR_Amplification","PNS",0.125255276,0.276450512,"#be1e2d","red",6.09e-10,"#DFB79C","AR_Amplification       PNS"
"AR_Amplification","Intra-Abdominal",0.131677019,0.348684211,"#be1e2d","red",1.29e-10,"#8067D6","AR_Amplification       Intra-Abdominal"
"AR_Amplification","Liver",0.118791946,0.323529412,"#be1e2d","red",1.93e-15,"#87DFB3","AR_Amplification       Liver"
"AR_Amplification","Distant_LN",0.082178218,0.242021277,"#be1e2d","red",3.03e-20,"#D480CE","AR_Amplification       Distant_LN"
"AR_Amplification","Bone",0.046548957,0.207199298,"#be1e2d","red",2.81e-22,"#7E90CF","AR_Amplification       Bone"
"APC_mut","PNS",0.055139551,0.09556314,"#be1e2d","green",0.011533716,"#DFB79C","APC_mut       PNS"
"APC_mut","Bowel",0.778716216,0.715789474,"#007eb5","green",0.001668105,"#E29B50","APC_mut       Bowel"
"APC_mut","Liver",0.052348993,0.113970588,"#be1e2d","green",0.000311424,"#87DFB3","APC_mut       Liver"
"APC_mut","Lung",0.052145215,0.12145749,"#be1e2d","green",0.00015111,"#D9C3DE","APC_mut       Lung"
"APC_mut","Liver",0.713697219,0.792577529,"#007eb5","green",2.74e-06,"#87DFB3","APC_mut       Liver"
"APC_mut","Intra-Abdominal",0.799081515,0.719063545,"#007eb5","green",6.36e-07,"#8067D6","APC_mut       Intra-Abdominal"
"WNT","Liver",0.136241611,0.227941176,"#be1e2d","navy",0.00020595,"#87DFB3","WNT       Liver"
"WNT","Lung",0.133333333,0.255060729,"#be1e2d","navy",3.13e-06,"#D9C3DE","WNT       Lung"
"RTK_RAS","Intra-Abdominal",0.131055901,0.203947368,"#be1e2d","navy",0.018449745,"#8067D6","RTK_RAS       Intra-Abdominal"
"RTK_RAS","Liver",0.126845638,0.194852941,"#be1e2d","navy",0.003939159,"#87DFB3","RTK_RAS       Liver"
"PI3K","PNS",0.313818924,0.385665529,"#be1e2d","navy",0.020152106,"#DFB79C","PI3K       PNS"
"PI3K","Intra-Abdominal",0.314285714,0.447368421,"#be1e2d","navy",0.001081634,"#8067D6","PI3K       Intra-Abdominal"
"PI3K","Bladder.UT",0.30480167,0.418461538,"#be1e2d","navy",0.000106735,"#D1E3D5","PI3K       Bladder.UT"
"PI3K","Distant_LN",0.281188119,0.385638298,"#be1e2d","navy",4.65e-06,"#D480CE","PI3K       Distant_LN"
"PI3K","Bone",0.253611557,0.36523266,"#be1e2d","navy",1.64e-06,"#7E90CF","PI3K       Bone"
"PI3K","Lung",0.300990099,0.477732794,"#be1e2d","navy",1.06e-07,"#D9C3DE","PI3K       Lung"
"PI3K","Liver",0.295302013,0.492647059,"#be1e2d","navy",6.31e-10,"#87DFB3","PI3K       Liver"
"p53","Lung",0.35049505,0.441295547,"#be1e2d","navy",0.006680449,"#D9C3DE","p53       Lung"
"p53","CNS.Brain",0.352833638,0.504132231,"#be1e2d","navy",0.001158697,"#EEDD57","p53       CNS.Brain"
"p53","PNS",0.344452008,0.457337884,"#be1e2d","navy",0.000317948,"#DFB79C","p53       PNS"
"p53","Bladder.UT",0.339596381,0.467692308,"#be1e2d","navy",1.83e-05,"#D1E3D5","p53       Bladder.UT"
"p53","Bowel",0.349848943,0.570093458,"#be1e2d","navy",9.93e-06,"#E29B50","p53       Bowel"
"p53","Intra-Abdominal",0.347204969,0.532894737,"#be1e2d","navy",8.79e-06,"#8067D6","p53       Intra-Abdominal"
"p53","Distant_LN",0.308910891,0.436170213,"#be1e2d","navy",4.61e-08,"#D480CE","p53       Distant_LN"
"p53","Liver",0.333557047,0.525735294,"#be1e2d","navy",2.85e-09,"#87DFB3","p53       Liver"
"p53","Bone",0.258426966,0.420544337,"#be1e2d","navy",9.65e-12,"#7E90CF","p53       Bone"
"NOTCH","CNS.Brain",0.051797684,0.115702479,"#be1e2d","navy",0.00685031,"#EEDD57","NOTCH       CNS.Brain"
"MYC","Bone",0.077046549,0.121158911,"#be1e2d","navy",0.004422078,"#7E90CF","MYC       Bone"
"MYC","Intra-Abdominal",0.097515528,0.190789474,"#be1e2d","navy",0.00083636,"#8067D6","MYC       Intra-Abdominal"
"MYC","Liver",0.093959732,0.169117647,"#be1e2d","navy",0.000527206,"#87DFB3","MYC       Liver"
"MYC","PNS",0.093260722,0.167235495,"#be1e2d","navy",0.000362008,"#DFB79C","MYC       PNS"
"MYC","Distant_LN",0.077227723,0.143617021,"#be1e2d","navy",9.99e-06,"#D480CE","MYC       Distant_LN"
"Epigenetic","Bone",0.18459069,0.250219491,"#be1e2d","navy",0.001613796,"#7E90CF","Epigenetic       Bone"
"Epigenetic","PNS",0.211708645,0.303754266,"#be1e2d","navy",0.000982578,"#DFB79C","Epigenetic       PNS"
"DDR","Male_Genital",0.155294118,0.203285421,"#be1e2d","navy",0.01877009,"#D4DB92","DDR       Male_Genital"
"DDR","Intra-Abdominal",0.161490683,0.243421053,"#be1e2d","navy",0.012540027,"#8067D6","DDR       Intra-Abdominal"
"DDR","PNS",0.155207624,0.235494881,"#be1e2d","navy",0.001142724,"#DFB79C","DDR       PNS"
"DDR","Bladder.UT",0.152400835,0.24,"#be1e2d","navy",0.000284851,"#D1E3D5","DDR       Bladder.UT"
"DDR","Distant_LN",0.137623762,0.210106383,"#be1e2d","navy",6.51e-05,"#D480CE","DDR       Distant_LN"
"DDR","Bone",0.115569823,0.197541703,"#be1e2d","navy",7.78e-06,"#7E90CF","DDR       Bone"
"Cell_Cycle","Bladder.UT",0.160055672,0.218461538,"#be1e2d","navy",0.014199706,"#D1E3D5","Cell_Cycle       Bladder.UT"
"Cell_Cycle","CNS.Brain",0.162705667,0.280991736,"#be1e2d","navy",0.001614414,"#EEDD57","Cell_Cycle       CNS.Brain"
"Cell_Cycle","Intra-Abdominal",0.160248447,0.282894737,"#be1e2d","navy",0.000279057,"#8067D6","Cell_Cycle       Intra-Abdominal"
"Cell_Cycle","PNS",0.155207624,0.249146758,"#be1e2d","navy",0.000173018,"#DFB79C","Cell_Cycle       PNS"
"Cell_Cycle","Bowel",0.161329305,0.317757009,"#be1e2d","navy",0.000102025,"#E29B50","Cell_Cycle       Bowel"
"Cell_Cycle","Lung",0.155775578,0.263157895,"#be1e2d","navy",7.83e-05,"#D9C3DE","Cell_Cycle       Lung"
"Cell_Cycle","Distant_LN",0.13960396,0.212765957,"#be1e2d","navy",6.95e-05,"#D480CE","Cell_Cycle       Distant_LN"
"Cell_Cycle","Bone",0.112359551,0.202809482,"#be1e2d","navy",8.74e-07,"#7E90CF","Cell_Cycle       Bone"
"Cell_Cycle","Liver",0.145637584,0.308823529,"#be1e2d","navy",7.61e-10,"#87DFB3","Cell_Cycle       Liver"
"TP53_mut","Liver",0.655172414,0.804716981,"#355a91","green",2.46e-11,"#87DFB3","TP53_mut       Liver"
"MYC_Amplification","Intra-Abdominal",0.054639175,0.022889843,"#355a91","red",0.001116135,"#8067D6","MYC_Amplification       Intra-Abdominal"
"CDKN2A_Deletion","Liver",0.093596059,0.16509434,"#355a91","blue",3.65e-05,"#87DFB3","CDKN2A_Deletion       Liver"
"AKT2_Amplification","Liver",0.016420361,0.053773585,"#355a91","red",0.000131864,"#87DFB3","AKT2_Amplification       Liver"
"PI3K","Liver",0.062397373,0.116037736,"#355a91","navy",0.000283285,"#87DFB3","PI3K       Liver"
"p53","Liver",0.674876847,0.821698113,"#355a91","navy",1.7e-11,"#87DFB3","p53       Liver"
"MYC","Liver",0.027914614,0.063207547,"#355a91","navy",0.001532884,"#87DFB3","MYC       Liver"
"Epigenetic","Liver",0.167487685,0.264150943,"#355a91","navy",5.32e-06,"#87DFB3","Epigenetic       Liver"
"Cell_Cycle","Bowel",0.320197044,0.246119734,"#355a91","navy",0.003221778,"#E29B50","Cell_Cycle       Bowel"
"Cell_Cycle","Liver",0.23316913,0.338679245,"#355a91","navy",5.26e-06,"#87DFB3","Cell_Cycle       Liver"
"TP53_mut","Distant_LN",0.626666667,0.39869281,"#049347","green",1.57e-05,"#D480CE","TP53_mut       Distant_LN"
"p53","Distant_LN",0.635555556,0.424836601,"#049347","navy",6.15e-05,"#D480CE","p53       Distant_LN"
"MYC","Lung",0.100558659,0.015075377,"#049347","navy",0.000418051,"#D9C3DE","MYC       Lung"
"TP53_mut","CNS.Brain",0.277207392,0.165938865,"#4ebe03","green",0.001046472,"#EEDD57","TP53_mut       CNS.Brain"
"PTEN_mut","CNS.Brain",0.067761807,0.144104803,"#4ebe03","green",0.001392528,"#EEDD57","PTEN_mut       CNS.Brain"
"p53","CNS.Brain",0.344969199,0.213973799,"#4ebe03","navy",0.000344748,"#EEDD57","p53       CNS.Brain"
"CDKN2A_Deletion","CNS.Brain",0.01754386,0.181818182,"#cccc33","blue",0.00038336,"#EEDD57","CDKN2A_Deletion       CNS.Brain"
"BRAF_mut","Bone",0.763736264,0.518987342,"#cccc33","green",0.000137545,"#7E90CF","BRAF_mut       Bone"
"Epigenetic","PNS",0.093617021,0.346153846,"#cccc33","navy",0.001127419,"#DFB79C","Epigenetic       PNS"
"Cell_Cycle","CNS.Brain",0.048245614,0.272727273,"#cccc33","navy",0.000177026,"#EEDD57","Cell_Cycle       CNS.Brain"
"ERBB2_Amplification","Lung",0.16025641,0.370629371,"#7aa8d9","red",1.78e-06,"#D9C3DE","ERBB2_Amplification       Lung"
"RTK_RAS","Lung",0.528846154,0.72027972,"#7aa8d9","navy",0.000137011,"#D9C3DE","RTK_RAS       Lung"
"Epigenetic","Pleura",0.37037037,0.728813559,"#026631","navy",3.45e-05,"#7AC0DD","Epigenetic       Pleura"
"PI3K","Liver",0.706896552,0.30952381,"#310725","navy",0.000106243,"#87DFB3","PI3K       Liver"
"HIPPO","Bone",0.27388535,0.605263158,"#682767","navy",0.000213546,"#7E90CF","HIPPO       Bone"
"RB1_mut","Bowel",0.098684211,0.529411765,"#00dbca","green",6.22e-05,"#E29B50","RB1_mut       Bowel"
"TP53_mut","Distant_LN",0.256923077,0.359281437,"#e6308e","green",0.000217364,"#D480CE","TP53_mut       Distant_LN"
"ESR1_mut","Lung",0.083645443,0.162857143,"#e6308e","green",0.000117552,"#D9C3DE","ESR1_mut       Lung"
"ESR1_mut","Pleura",0.092473118,0.171945701,"#e6308e","green",0.001062826,"#7AC0DD","ESR1_mut       Pleura"
"CBFB_mut","Liver",0.04676259,0.013445378,"#e6308e","green",0.000819758,"#87DFB3","CBFB_mut       Liver"
"ESR1_mut","Liver",0.052158273,0.159663866,"#e6308e","green",2.07e-09,"#87DFB3","ESR1_mut       Liver"
"MYC_Amplification","Liver",0.070143885,0.121008403,"#e6308e","red",0.003691262,"#87DFB3","MYC_Amplification       Liver"
"CCND1_FGF19_Amplification","Liver",0.217625899,0.28907563,"#e6308e","red",0.005541608,"#87DFB3","CCND1_FGF19_Amplification       Liver"
"ESR1_mut","Intra-Abdominal",0.098440546,0.184,"#e6308e","green",0.005763781,"#8067D6","ESR1_mut       Intra-Abdominal"
"MAP3K1_mut","CNS.Brain",0.088744589,0.030837004,"#e6308e","green",0.002120928,"#EEDD57","MAP3K1_mut       CNS.Brain"
"CBFB_mut","Bone",0.060052219,0.014322917,"#e6308e","green",4.9e-05,"#7E90CF","CBFB_mut       Bone"
"ESR1_mut","Bone",0.060052219,0.131510417,"#e6308e","green",0.000169986,"#7E90CF","ESR1_mut       Bone"
"PIK3CA_mut","PNS",0.345286885,0.514285714,"#e6308e","green",2.89e-05,"#DFB79C","PIK3CA_mut       PNS"
"p53","Distant_LN",0.341538462,0.457085828,"#e6308e","navy",7.51e-05,"#D480CE","p53       Distant_LN"
"Epigenetic","Lung",0.237203496,0.314285714,"#e6308e","navy",0.006922974,"#D9C3DE","Epigenetic       Lung"
"RTK_RAS","Liver",0.287769784,0.36302521,"#e6308e","navy",0.006868612,"#87DFB3","RTK_RAS       Liver"
"Cell_Cycle","Liver",0.278776978,0.396638655,"#e6308e","navy",2.93e-05,"#87DFB3","Cell_Cycle       Liver"
"MYC","Liver",0.077338129,0.132773109,"#e6308e","navy",0.002854711,"#87DFB3","MYC       Liver"
"Cell_Cycle","CNS.Brain",0.319264069,0.422907489,"#e6308e","navy",0.003766535,"#EEDD57","Cell_Cycle       CNS.Brain"
"PI3K","Bone",0.441253264,0.55859375,"#e6308e","navy",0.000216758,"#7E90CF","PI3K       Bone"
"PI3K","PNS",0.49897541,0.634285714,"#e6308e","navy",0.000999059,"#DFB79C","PI3K       PNS"
"Epigenetic","Pleura",0.37037037,0.728813559,"#026631","navy",3.45e-05,"#7AC0DD","Epigenetic       Pleura"
